overall_mean_occupancy,all_rate_mean_ps,parking_spaces,paystation_count,street_width,speed_limit,building_coverage_ratio,commercial_mixed_share,residential_share,transport_parking_share,one_way_Y,artdescript_Interstate/Freeway,artdescript_Minor Arterial,artdescript_Not Designated,artdescript_Principal Arterial,artdescript_State Route/Freeway
0.3888986111111111,3.5,8.0,2.0,44.0,25.0,0.2502855792631413,0.6251435199853373,0.02065023003376852,0.0,False,False,True,False,False,False
0.40405468749999995,3.5,5.5,2.0,52.0,25.0,0.4031852057187131,0.35645079008598207,0.0,0.0,False,False,True,False,False,False
0.3917133662085849,4.833333333333333,6.0,2.0,52.0,25.0,0.3814420939212983,0.8918134105773008,0.0,0.0,False,False,True,False,False,False
0.3578019100169779,4.833333333333333,5.0,1.0,52.0,25.0,0.39440958569681545,0.5536107254734802,0.0,0.0,False,False,True,False,False,False
0.3939038861701905,4.833333333333333,7.5,2.0,52.0,25.0,0.40075134806458373,0.7715151791843589,0.0,0.0,False,False,True,False,False,False
0.563492626648161,3.5,11.0,1.0,48.0,25.0,0.33609103304736215,0.9550439928718094,0.0,0.0,False,False,True,False,False,False
0.7436697530864197,3.5,3.0,1.0,52.0,25.0,0.3934942794971601,0.8222768481532696,0.0361321023513186,0.0,False,False,True,False,False,False
0.41576527316352896,3.5,7.0,1.0,52.0,25.0,0.42868076674061717,0.7114750835748508,0.2885249164251492,0.0,False,False,True,False,False,False
0.6246068044788975,3.5,6.0,1.0,104.0,25.0,0.41508351492006046,0.9667481116880315,0.03325188831196844,0.0,False,False,True,False,False,False
0.5546840277777778,3.5,4.0,1.0,52.0,25.0,0.36391518560602426,0.8368949526325092,0.1631050473674908,0.0,False,False,True,False,False,False
0.597715973466189,1.5,10.0,1.0,52.0,25.0,0.43625414394041206,0.7531297759542692,0.24687022404573078,0.0,False,False,True,False,False,False
0.49421266234798256,1.5,8.5,2.0,52.0,25.0,0.4247642862870655,0.4994862988797765,0.5005137011202235,0.0,False,False,True,False,False,False
0.5982617548615998,1.5,9.0,2.0,52.0,25.0,0.3766109869201414,0.820251829988855,0.17974817001114507,0.0,False,False,True,False,False,False
0.3241868394800358,1.5,12.5,2.0,52.0,25.0,0.361465232641936,0.8201628819634751,0.17983711803652494,0.0,False,False,True,False,False,False
0.5399408873894638,1.0,8.0,2.0,52.0,25.0,0.32582044360331197,0.7772330294550519,0.1609301050546695,0.0,False,False,True,False,False,False
0.6548434236855445,1.0,7.0,2.0,52.0,25.0,0.3405727825847072,0.9461024903947023,0.0,0.0,False,False,True,False,False,False
0.3589436226409786,1.0,5.75,2.0,52.0,25.0,0.3448849804267749,0.9460456046529542,0.0,0.0,False,False,True,False,False,False
0.4244430361936793,1.0,6.0,3.0,52.0,25.0,0.2922751473152957,0.5540049589819712,0.1959956168468448,0.0,False,False,True,False,False,False
0.46752070769874854,1.0,5.0,2.0,52.0,25.0,0.20920882102395777,0.5544472114804584,0.054184479229630475,0.0,False,False,True,False,False,False
0.2773162666663876,1.0,6.5,2.0,52.0,25.0,0.31919347882064875,0.8550216387579639,0.08997531082835655,0.0,False,False,True,False,False,False
0.2480874594090532,1.0,7.0,1.0,52.0,25.0,0.28265199415590925,0.46524806101885746,0.5347519389811426,0.0,False,False,True,False,False,False
0.2797464409242747,1.0,7.0,1.0,52.0,25.0,0.3723116262145196,0.7594448515000425,0.2405551484999575,0.0,False,False,True,False,False,False
0.3427227272727273,3.5,10.5,2.0,44.0,25.0,0.38768396522369153,0.8582098414623633,0.08982886048111957,0.0,False,False,True,False,False,False
0.4070717592592592,3.5,8.5,2.0,44.0,25.0,0.39411258477870303,0.953072142730832,0.0,0.0,False,False,True,False,False,False
0.495262987012987,3.5,9.0,2.0,44.0,25.0,0.3799117063746678,0.7333343385532771,0.20127635625602303,0.0,False,False,True,False,False,False
0.6101824494949495,1.25,8.5,2.0,44.0,25.0,0.3872906770328257,0.8264491905399787,0.17355080946002127,0.0,False,False,True,False,False,False
0.5043891488413548,1.25,19.5,4.0,79.0,25.0,0.41284815555356114,0.689648628773151,0.2337678041317774,0.0,False,False,True,False,False,False
0.2097713141025641,1.25,7.25,2.0,73.0,25.0,0.10084578134747543,0.32444265290102287,0.0,0.0,False,False,True,False,False,False
0.2859945023148148,1.25,25.0,4.0,73.0,25.0,0.2095928063254158,0.19869385802806616,0.0,0.0,False,False,True,False,False,False
0.4669361799816345,3.5,3.0,1.0,54.0,25.0,0.26716800608422764,0.6466665187703492,0.0,0.0,True,False,False,False,True,False
0.1866170634920635,3.5,2.0,1.0,54.0,25.0,0.364255373079131,0.749670013479789,0.0,0.0,True,False,False,False,True,False
0.1977638989169675,1.1666666666666667,6.0,2.0,54.0,25.0,0.2962043669716397,0.9010394591359011,0.0,0.0,True,False,False,False,True,False
0.19213499322493224,1.1666666666666667,3.0,1.0,54.0,25.0,0.12436473049689556,1.0,0.0,0.0,True,False,False,False,True,False
0.30946072796934865,1.1666666666666667,6.0,1.0,54.0,25.0,0.3043507834811103,1.0,0.0,0.0,True,False,False,False,True,False
0.09232624658469946,1.1666666666666667,4.0,1.0,54.0,25.0,0.31692868672073676,1.0,0.0,0.0,True,False,False,False,True,False
0.42537285708794587,3.5,8.0,2.0,54.0,25.0,0.2050638836956463,0.8952817637739526,0.0,0.0,True,False,False,False,True,False
0.3123544254330376,3.5,4.0,2.0,54.0,25.0,0.4339454721512736,0.2502407869681792,0.4264347897186114,0.0,True,False,False,False,True,False
0.41594921874999996,3.5,7.0,1.0,58.0,25.0,0.39587353837250133,0.6946125305890306,0.03564540066448863,0.0,True,False,False,False,True,False
0.3995323857736241,3.5,3.5,2.0,58.0,25.0,0.3893511724245804,0.8860529325621073,0.11394706743789264,0.0,True,False,False,False,True,False
0.33132080069811,1.5,8.75,2.0,58.0,25.0,0.4195975046093118,0.3638651975447397,0.3829560201674197,0.0,True,False,False,False,True,False
0.407337418972075,1.5,6.0,2.0,51.0,25.0,0.38343973635102135,0.8916212670625737,0.0,0.0,True,False,False,False,True,False
0.3962042924229233,1.5,9.0,1.0,51.0,25.0,0.3521446677760947,0.8115614726984524,0.18843852730154761,0.0,True,False,False,False,True,False
0.4209117484216984,1.5,4.5,2.0,51.0,25.0,0.38992472359379976,0.6578574709148395,0.27141630897466973,0.0,True,False,False,False,True,False
0.6011604061330706,1.0,10.5,2.0,51.0,25.0,0.38222812521106336,0.9625163963315412,0.03748360366845886,0.0,True,False,False,False,True,False
0.47075676482941187,1.0,5.0,2.0,50.0,25.0,0.35762457808114667,0.7503001492812131,0.19738874051968214,0.0,True,False,False,False,True,False
0.5329202602995866,1.0,9.0,2.0,50.0,25.0,0.3586037207175723,0.6051660320128631,0.0,0.0,True,False,False,False,True,False
0.32385203101545645,1.0,5.5,2.0,54.0,25.0,0.33452454694259753,0.7499690755338304,0.1977506892750633,0.0,True,False,False,False,True,False
0.3120615297065865,1.0,6.0,2.0,54.0,25.0,0.23065800029953382,0.895233746274472,0.052442767910486965,0.052323485815041065,True,False,False,False,True,False
0.30897586369035657,1.0,3.5,2.0,54.0,25.0,0.2725268578878453,0.5971288599078862,0.0,0.4028711400921137,True,False,False,False,True,False
0.4143892009828853,1.0,6.0,2.0,54.0,25.0,0.3463545021922568,0.8912439379201055,0.0752753366187256,0.0334807254611689,True,False,False,False,True,False
0.49642419871794874,3.5,11.5,2.0,40.0,20.0,0.27988193428588654,0.8331922749084741,0.0,0.0,True,False,False,True,False,False
0.5224977678571427,3.5,5.5,2.0,58.0,25.0,0.29157528088607204,0.7512622054890842,0.0,0.0,False,False,True,False,False,False
0.7188836915166485,1.25,13.25,2.0,58.0,25.0,0.36890573150845984,0.9576504780360768,0.0,0.0,False,False,True,False,False,False
0.2937166666666666,1.25,5.0,1.0,54.0,25.0,0.19759563848834716,0.5368717467462959,0.0,0.33082223974704594,True,False,False,False,True,False
0.15946536306830422,1.25,2.0,2.0,54.0,25.0,0.2643873529834374,0.708110415238058,0.0,0.0,True,False,False,False,True,False
0.20614583333333336,2.0,4.0,2.0,54.0,25.0,0.3022406244658777,0.6971288823162489,0.022044591368896086,0.0,True,False,False,False,True,False
0.18186870532637894,1.5,7.5,2.0,54.0,25.0,0.36889987678313324,0.533871088983874,0.429780935891177,0.0,False,False,True,False,False,False
0.49311120540286,1.0,7.0,1.0,54.0,25.0,0.3931702293769299,0.71221045217031,0.21256809909044044,0.0,False,False,True,False,False,False
0.49041127506129345,1.0,6.5,2.0,54.0,25.0,0.33854579291683984,0.8022335816949298,0.0,0.0,False,False,True,False,False,False
0.4070524016277559,1.0,9.5,2.0,54.0,25.0,0.3512937658159836,1.0,0.0,0.0,False,False,True,False,False,False
0.4401233992545575,1.0,7.0,2.0,54.0,25.0,0.2744395733058758,0.8949618776431004,0.0,0.052616330680041554,False,False,True,False,False,False
0.4131223195675438,1.0,8.0,2.0,54.0,25.0,0.1459746908062501,0.4061520224272948,0.0,0.42184730558812605,False,False,True,False,False,False
0.07731481481481481,1.25,3.0,2.0,42.0,25.0,0.3853588865665738,0.5041515217151219,0.06863567414381201,0.0,True,False,True,False,False,False
0.21510802469135798,2.0,3.0,2.0,42.0,25.0,0.35496557572651777,0.5881058555698219,0.21231585887384133,0.0,False,False,True,False,False,False
0.45135185185185184,1.25,2.0,1.0,42.0,25.0,0.2729571643030037,0.44149562093415967,0.0,0.13094746082088643,True,False,True,False,False,False
0.41839238845144355,1.25,1.0,1.0,50.0,25.0,0.15894122737053337,0.4063015627601915,0.05584233035143992,0.0,True,False,False,False,True,False
0.2970970972203974,1.1666666666666667,6.0,1.0,50.0,25.0,0.2397637469467952,0.05711276919797696,0.2073242299197214,0.0,True,False,False,False,True,False
0.43169414530797856,1.1666666666666667,5.0,2.0,50.0,25.0,0.20276430483564328,0.5865303834495672,0.0,0.0,True,False,False,False,True,False
0.42140118922458314,3.5,4.5,2.0,50.0,25.0,0.3611018560792903,1.0,0.0,0.0,True,False,False,False,True,False
0.4079636752136752,3.5,6.0,1.0,50.0,25.0,0.43457214600907046,0.9750174114991189,0.0,0.0,True,False,False,False,True,False
0.6207033106803328,1.5,6.0,1.0,54.0,25.0,0.40352126833860746,0.3977805204843864,0.3005836369287054,0.0,True,False,False,False,True,False
0.5298663135132414,1.5,6.0,2.0,54.0,25.0,0.3299758167996222,0.6747572994320512,0.17907755201328462,0.0,True,False,False,False,True,False
0.4591839997577171,1.5,7.0,2.0,54.0,25.0,0.3134480501653866,0.716990168453638,0.0,0.0,True,False,False,False,True,False
0.6241989380152095,1.0,9.0,1.0,54.0,25.0,0.36894720945631215,0.5525558974492304,0.3951792859363867,0.0,True,False,False,False,True,False
0.6234288949907558,1.0,6.0,2.0,54.0,25.0,0.366129493297078,0.8953881852456885,0.1046118147543115,0.0,True,False,False,False,True,False
0.36043681030581093,1.0,8.0,2.0,54.0,25.0,0.29193895645643503,0.651592157862385,0.34840784213761494,0.0,True,False,False,False,True,False
0.5507138136808782,1.0,4.5,2.0,54.0,25.0,0.3489043360170167,0.5611382242144414,0.4388617757855587,0.0,True,False,False,False,True,False
0.21278489583333332,1.1666666666666667,16.0,1.0,46.0,25.0,0.2534913274469494,0.8050000359626518,0.0,0.0,False,False,True,False,False,False
0.29902083333333335,1.1666666666666667,4.0,1.0,47.0,25.0,0.22251000764468365,0.5003724010048366,0.0,0.0,False,False,True,False,False,False
0.3433159722222222,1.1666666666666667,8.0,1.0,9.0,25.0,0.2529279761539699,0.4853024574755572,0.0,0.0,True,False,True,False,False,False
0.27194349343926805,1.1666666666666667,5.0,1.0,9.0,25.0,0.2864730356598148,0.11630253646592828,0.0,0.0,True,False,True,False,False,False
0.3663796067665433,1.5,7.0,2.0,40.0,25.0,0.320566047630205,0.8382670443026791,0.0,0.0,True,False,True,False,False,False
0.34748351879236744,1.5,12.0,2.0,40.0,25.0,0.28308551957661465,0.5045901711521336,0.07087913988606885,0.0,True,False,True,False,False,False
0.42683436320685175,1.5,8.5,2.0,40.0,25.0,0.3095578569814876,0.8798849595066426,0.12011504049335744,0.0,True,False,True,False,False,False
0.3561629673940844,1.5,11.0,2.0,54.0,25.0,0.32502735459762006,0.7832059620228922,0.14598622137333467,0.0,True,False,True,False,False,False
0.47607191074783195,1.0,12.5,2.0,54.0,25.0,0.40111334375138946,0.49920013757076614,0.4622665360531978,0.0,True,False,True,False,False,False
0.39179505474934406,1.0,8.0,2.0,54.0,25.0,0.23802336162755275,0.7369050291179406,0.26309497088205935,0.0,True,False,True,False,False,False
0.3427552502215268,1.0,5.0,2.0,54.0,25.0,0.19097776523038915,0.8706541939282941,0.0,0.0,True,False,True,False,False,False
0.23987462322695036,1.1666666666666667,20.0,1.0,56.0,25.0,0.19786497138762416,0.8829637437466383,0.11703625625336156,0.0,True,False,False,False,True,False
0.3541782782366683,3.5,3.5,2.0,44.0,25.0,0.33026638825797944,0.7512959852247392,0.0,0.0,True,False,False,False,True,False
0.3574585221876888,3.5,9.0,1.0,43.0,25.0,0.46609672945597547,0.9601966227334504,0.0,0.0,True,False,False,False,True,False
0.4658797692429272,3.5,7.0,2.0,30.0,25.0,0.5440405703345501,1.0,0.0,0.0,True,False,False,False,True,False
0.03765018520814352,4.5,6.0,1.0,38.0,25.0,0.16167803979204876,0.5802014330551044,0.4197985669448956,0.0,True,False,False,False,True,False
0.04290533302283564,4.5,5.0,1.0,34.0,25.0,0.12585918593981502,0.5905112268900073,0.40948877310999254,0.0,True,False,False,False,True,False
0.13875984266546074,4.5,6.0,1.0,37.0,25.0,0.20239967540343798,0.8675040035031233,0.0,0.0,True,False,False,False,True,False
0.15990217550077995,4.5,6.0,1.0,37.0,25.0,0.1953632647219821,0.19099166177604926,0.0,0.0,False,False,False,False,False,False
0.41320972222222224,3.5,9.0,1.0,42.0,25.0,0.46335464412137717,1.0,0.0,0.0,False,False,True,False,False,False
0.07082434833497593,4.5,5.5,2.0,30.0,20.0,0.22820855168723936,0.0,0.4460293767397942,0.0,False,False,False,True,False,False
0.08703654393066289,4.5,6.0,2.0,30.0,20.0,0.2740848156635194,0.3086028299022244,0.07874372368660668,0.0,False,False,False,True,False,False
0.5148581038139113,4.5,5.0,1.0,30.0,20.0,0.2537419374690795,0.8459259509157308,0.09560704442284633,0.0,False,False,False,True,False,False
0.13147542836685722,4.5,3.0,1.0,30.0,20.0,0.27693203728363025,0.8246878731305409,0.11674532809584347,0.0,False,False,False,True,False,False
0.23209954332192298,4.5,6.0,1.0,30.0,25.0,0.2233021330962218,0.1757825180249686,0.44103774677556196,0.0,False,False,True,False,False,False
0.3285869151158066,4.5,4.0,1.0,30.0,25.0,0.35794910962626336,0.4413516472200976,0.24984324786467244,0.0,False,False,True,False,False,False
0.06649572649572649,4.5,6.0,1.0,41.0,25.0,0.14028476168082482,0.05342914031434979,0.3928958222349631,0.0,False,False,True,False,False,False
0.2512535052083178,2.0,2.0,2.0,40.0,25.0,0.26635651198958504,0.4408370384006708,0.24977169616840422,0.0,False,False,True,False,False,False
0.09343650646450827,4.5,7.0,2.0,40.0,25.0,0.2530296983971642,0.09560383458849087,0.11711132749704484,0.0,False,False,True,False,False,False
0.06555563822751323,4.5,5.25,2.0,40.0,25.0,0.20588845187451352,0.14373821392936678,0.3565727477605399,0.0,False,False,True,False,False,False
0.18845411621716224,4.5,4.0,2.0,40.0,25.0,0.3765734363246263,0.191463892692471,0.6917011484165567,0.0,False,False,True,False,False,False
0.270508831313755,4.5,6.0,1.0,40.0,25.0,0.3944737464397701,0.11682613503748847,0.6332814800580818,0.0,False,False,True,False,False,False
0.23338194738644247,4.5,6.0,1.0,40.0,25.0,0.37938686620032686,0.4985677848399695,0.11732249139189524,0.0,False,False,True,False,False,False
0.32355552771584145,4.5,4.0,1.0,0.0,20.0,0.4060650463611592,0.7069387491105221,0.0,0.0,False,False,False,True,False,False
0.3603499097007224,3.5,7.0,1.0,42.0,25.0,0.474115877963068,0.39280074815945565,0.0,0.0,False,False,True,False,False,False
0.6803444353070176,4.833333333333333,8.0,1.0,47.0,25.0,0.008262360041224541,0.855222829318522,0.09315405237077788,0.05162311831069997,False,False,False,False,True,False
0.6697291666666667,4.833333333333333,4.0,1.0,47.0,25.0,0.13965923858793738,0.27179255962281706,0.0,0.3686159162042495,False,False,False,False,True,False
0.5975009615384614,4.833333333333333,6.0,1.0,47.0,25.0,0.10606398044053726,0.6000239664456706,0.0,0.0,False,False,False,False,True,False
0.004960937499999999,1.5,16.0,1.0,47.0,25.0,0.07321125423426723,0.03872480278191404,0.4218654469017811,0.5007006878160057,False,False,False,False,True,False
0.007756410256410257,1.5,13.0,1.0,47.0,25.0,0.09347689341756832,0.3239170044221767,0.035444496866249696,0.25951807596720483,False,False,False,False,True,False
0.055799919871794876,2.0,13.0,2.0,47.0,25.0,0.2737044211160372,0.29854662732515735,0.0,0.032620178790527435,False,False,False,False,True,False
0.5841752677177725,2.0,9.0,2.0,47.0,25.0,0.11095406156600127,0.43000472114004573,0.0,0.024211072099639096,False,False,False,False,True,False
0.10483473239020143,2.0,6.0,2.0,50.0,25.0,0.0,0.9939385399392633,0.0,0.006061460060736701,False,False,False,False,True,False
0.11313911500549431,2.0,13.0,2.0,50.0,25.0,0.06732094964400794,0.8693989372465439,0.0,0.004956829444279657,False,False,False,False,True,False
0.7461057027174384,2.0,5.0,2.0,50.0,25.0,0.10321751767177634,1.0,0.0,0.0,False,False,False,False,True,False
0.3845763888888889,4.833333333333333,6.0,1.0,0.0,25.0,0.14837864238689843,0.8820769429361761,0.11792305706382376,0.0,True,False,False,False,True,False
0.5871916666666667,4.833333333333333,8.0,1.0,0.0,25.0,0.12641165205395766,0.19814391568208017,0.8018560843179198,0.0,True,False,False,False,True,False
0.5907916666666667,1.25,2.0,1.0,0.0,25.0,0.13135983298990667,0.8725663171417724,0.0,0.05134576525448717,True,False,False,False,True,False
0.192625,1.25,4.0,1.0,0.0,25.0,0.16167921304033403,0.35841484094887355,0.19553088752920117,0.0,True,False,False,False,True,False
0.49522058823529413,1.25,6.0,1.0,0.0,25.0,0.1721633754368004,0.27412222761160676,0.0,0.0,True,False,False,False,True,False
0.07409900841346154,4.5,8.0,1.0,0.0,20.0,0.2633593258199818,0.29889731264695935,0.034014390519683385,0.0,False,False,False,True,False,False
0.09902455023034669,4.5,11.0,2.0,30.0,20.0,0.23695915715444676,0.35379191851366637,0.5475911135469608,0.0,False,False,False,True,False,False
0.07226702877560015,4.5,4.0,2.0,30.0,20.0,0.22257576661008943,0.3150471583879594,0.6849528416120407,0.0,False,False,False,True,False,False
0.3555360830001195,1.0,5.5,2.0,0.0,20.0,0.41255242982506823,0.48007133024644555,0.5199286697535546,0.0,True,False,False,True,False,False
0.5094807784206512,1.0,12.5,2.0,44.0,25.0,0.3532870104890091,0.8010261905940402,0.0502525927488183,0.0,True,False,True,False,False,False
0.46652553210336867,1.0,8.0,2.0,44.0,25.0,0.38548367512597703,0.5973687075660067,0.2012980503457901,0.0,True,False,True,False,False,False
0.30980584123853355,1.0,3.75,2.0,44.0,25.0,0.34785278429460226,0.8540123373287556,0.04865085980548664,0.0,True,False,True,False,False,False
0.4318054405740665,1.0,5.0,2.0,44.0,25.0,0.33634404975355264,0.45000276066212036,0.530675584568529,0.0,True,False,False,False,True,False
0.3485794818806939,1.0,5.0,2.0,0.0,20.0,0.34200334330439186,0.5319658101193941,0.35656664732339194,0.0,False,False,False,True,False,False
0.12788582976163623,1.5,5.0,1.0,0.0,20.0,0.3179799631726042,0.33863585146077413,0.48066083033759316,0.0,True,False,False,True,False,False
0.2592065477236406,1.5,8.0,1.0,42.0,20.0,0.19363575975235212,0.4853807857701323,0.42020693868907877,0.0,True,False,False,True,False,False
0.501668679570605,1.5,6.0,2.0,42.0,20.0,0.3929205843152258,0.7182006536424865,0.0660651370660244,0.0,False,False,False,True,False,False
0.35095788317077686,1.5,10.5,2.0,0.0,20.0,0.28964081886530746,0.6364757268860954,0.36352427311390445,0.0,True,False,False,True,False,False
0.2975566866499473,1.5,6.0,2.0,42.0,20.0,0.3646972880487417,0.7497269234838567,0.25027307651614333,0.0,True,False,False,True,False,False
0.5081742401076548,1.5,5.5,2.0,44.0,20.0,0.29211766624299385,0.7703193454747437,0.22968065452525632,0.0,True,False,False,True,False,False
0.27713829408025836,1.5,7.0,1.0,42.0,20.0,0.3015428923754185,0.7001941025062987,0.25099819125026523,0.0,True,False,False,True,False,False
0.18725741556776215,4.5,5.0,1.0,0.0,20.0,0.29755871757934427,0.9331532139782847,0.0,0.0,False,False,False,True,False,False
0.12334569585537919,4.5,6.5,2.0,36.0,20.0,0.3389067643180348,0.4630170561709011,0.19166847317184366,0.0,False,False,False,True,False,False
0.18687652214037614,4.5,6.5,2.0,36.0,20.0,0.3382937492965046,0.3833920888558701,0.17553363161789476,0.0,False,False,False,True,False,False
0.08314644869583412,4.5,7.25,2.0,36.0,20.0,0.31098958091508494,0.08569906546457016,0.854417950693341,0.0,False,False,False,True,False,False
0.3617122411740053,1.0,5.0,1.0,48.0,25.0,0.27074372312966855,0.5143064981086385,0.42853210088345484,0.0,False,False,False,False,True,False
0.4858929351136593,1.0,6.0,1.0,49.0,25.0,0.17471704184693593,0.5837043178430716,0.0,0.41629568215692836,False,False,False,False,True,False
0.11674404086141704,4.5,6.5,2.0,52.0,25.0,0.280461094642793,0.0,0.0,0.0,False,False,True,False,False,False
0.3822766889043785,4.5,3.0,1.0,52.0,25.0,0.24826704338167283,0.34122179212103265,0.0,0.0,False,False,True,False,False,False
0.31475868055555556,4.5,3.0,1.0,52.0,25.0,0.17588811208071234,0.4425563999771987,0.0,0.0,False,False,True,False,False,False
0.5559960758042034,4.5,7.0,2.0,52.0,25.0,0.31619431733574954,0.7936421452822507,0.0,0.0,False,False,True,False,False,False
0.4437374783915841,1.0,6.5,2.0,36.0,20.0,0.4727528588382317,0.6163328273119857,0.20795953018431595,0.0,False,False,False,True,False,False
0.32177727689099256,1.0,7.5,2.0,36.0,20.0,0.3939777361315404,0.558960010595211,0.37126942356983916,0.0,False,False,False,True,False,False
0.352954691976736,1.0,6.0,2.0,42.0,20.0,0.27750613566918775,0.5460576116497841,0.25042831406607874,0.0,False,False,False,True,False,False
0.4830472405803605,1.0,6.0,2.0,39.0,20.0,0.21926055852571727,0.9511268662760328,0.0488731337239671,0.0,False,False,False,True,False,False
0.5435267017475743,1.0,7.5,2.0,42.0,20.0,0.27867937987919267,0.7980516111843701,0.20194838881562996,0.0,False,False,False,True,False,False
0.5595954350645171,1.0,3.5,2.0,0.0,20.0,0.29081530405574135,0.8455979164195764,0.08541401788585065,0.0,False,False,False,True,False,False
0.3502700892857143,3.5,7.5,2.0,42.0,25.0,0.3962281771180452,0.9121236886388084,0.0,0.0,True,False,True,False,False,False
0.35029513888888886,3.5,5.5,2.0,42.0,25.0,0.3922295592511284,0.701511795693048,0.05797104625125059,0.0,True,False,False,False,True,False
0.21748624108825768,1.1666666666666667,6.5,2.0,42.0,25.0,0.2250507424279858,0.1455622840542006,0.03905968367447166,0.0,True,False,False,False,True,False
0.18913210168308237,1.1666666666666667,11.0,1.0,42.0,25.0,0.3132388609685466,0.9022995761141257,0.0,0.0,True,False,False,False,True,False
0.05747562967529064,4.5,4.0,1.0,25.0,20.0,0.27561744071337296,0.28314832248539484,0.3594007330568181,0.0,False,False,False,True,False,False
0.0421765602294017,4.5,7.0,1.0,25.0,20.0,0.24935553012351663,0.056923825825482874,0.24388065295948197,0.0,False,False,False,True,False,False
0.13795060968468986,4.5,5.25,2.0,30.0,20.0,0.2844806748753371,0.17297046600313482,0.3830003834088017,0.0,False,False,False,True,False,False
0.06755847025811462,4.5,8.5,2.0,30.0,20.0,0.35351848886525516,0.191526027611046,0.3085178622275026,0.0,False,False,False,True,False,False
0.168092965967825,4.5,11.0,1.0,30.0,20.0,0.1949252865545657,0.243831090485368,0.22436022735953898,0.0,False,False,False,True,False,False
0.17612246934565096,4.5,3.0,1.0,35.0,20.0,0.24065927099700984,0.49601808837231404,0.0,0.0,False,False,False,True,False,False
0.34112538458541847,1.0,13.0,2.0,0.0,20.0,0.4015551398777934,1.0,0.0,0.0,True,False,False,True,False,False
0.2838084333136407,1.0,10.5,3.0,42.0,20.0,0.33681951186775144,0.9525677875208688,0.0,0.0,True,False,False,True,False,False
0.35625901280686456,1.0,8.5,2.0,41.0,20.0,0.29053895526277834,0.756873458956638,0.0,0.04623199797452357,True,False,False,True,False,False
0.3363800989572546,1.0,14.0,1.0,41.0,20.0,0.36794507057870746,0.532822169332705,0.0,0.4199091050227649,True,False,False,True,False,False
0.4005628615350153,1.0,8.0,2.0,41.0,20.0,0.2156615585105915,0.29243570842320354,0.21290590361983314,0.053253096242074756,False,False,False,True,False,False
0.3034197248931624,1.1666666666666667,4.5,2.0,42.0,25.0,0.377374571611069,0.5500880325215298,0.0,0.0,True,False,False,False,True,False
0.46830777880332863,1.1666666666666667,3.5,2.0,40.0,25.0,0.2821386918218749,0.6045766945134352,0.0,0.0,True,False,False,False,True,False
0.27580878831417627,1.1666666666666667,6.0,1.0,42.0,25.0,0.3192801702527185,0.7123178728427263,0.0,0.0,True,False,False,False,True,False
0.06273972086436108,4.5,7.0,1.0,24.0,20.0,0.16889079951796843,0.9103907389625451,0.022922603261235394,0.0,False,False,False,True,False,False
0.06796978557504872,4.5,9.0,1.0,24.0,20.0,0.30829512582367674,0.3009129249249115,0.1866578484361485,0.0,False,False,False,True,False,False
0.21720529477229,4.5,4.5,2.0,30.0,20.0,0.3092351759415671,0.18676389523963186,0.11410469908451645,0.0,False,False,False,True,False,False
0.11199916836895973,4.5,7.5,2.0,30.0,20.0,0.23430791726891534,0.3007478598400243,0.18665610196177362,0.0,False,False,False,True,False,False
0.44216257867059006,1.0,6.5,2.0,0.0,20.0,0.3563540868632292,0.5634935816212174,0.062226306044643645,0.0,False,False,False,True,False,False
0.553187199328834,1.0,6.0,2.0,42.0,20.0,0.30288249315104593,0.6008767684105893,0.3991232315894106,0.0,False,False,False,True,False,False
0.4989180530944388,1.5,6.5,2.0,40.0,25.0,0.29785894144813413,0.6885333253849173,0.31146667461508276,0.0,True,False,True,False,False,False
0.46082178413446695,1.0,7.5,2.0,43.0,25.0,0.47758014155254874,0.6032625785899709,0.39673742141002916,0.0,True,False,False,False,True,False
0.541748692106359,1.0,6.0,2.0,43.0,25.0,0.43638949825018003,0.5473871113151891,0.3996173075058105,0.0,True,False,False,False,True,False
0.4005649876750183,1.0,8.5,2.0,46.0,25.0,0.31353034364221355,0.2607541593579676,0.05836864142774899,0.0,True,False,False,False,True,False
0.2808349081229192,1.0,6.25,2.0,46.0,25.0,0.48943914212566975,0.4947746681012532,0.05291798294643575,0.0,True,False,False,False,True,False
0.5209734895707897,1.0,9.0,1.0,46.0,25.0,0.5103911265904812,0.8606825940231205,0.08651961306243831,0.0,True,False,False,False,True,False
0.6257146373212041,1.0,7.0,1.0,46.0,25.0,0.3980198158845806,0.9504545276976573,0.0,0.0,True,False,False,False,True,False
0.2655675152698296,4.5,4.0,1.0,34.0,20.0,0.27697985781222406,0.8598046209390089,0.0,0.0,False,False,False,True,False,False
0.46810240624339955,4.5,5.0,2.0,34.0,20.0,0.3987950200121432,0.6916785397423303,0.0016422448132501484,0.0,False,False,False,True,False,False
0.10133067097663215,4.5,13.0,1.0,26.0,25.0,0.1024135277561333,0.0,0.03959625823886766,0.0,False,False,False,False,False,False
0.11285284925125079,4.5,10.0,1.0,54.0,25.0,0.28146858160069343,0.11848795271633093,0.8459719708942872,0.0,False,False,False,False,False,False
0.42781111111111114,3.5,7.0,2.0,42.0,25.0,0.2482031864667994,0.3958016032478216,0.0,0.0,False,False,True,False,False,False
0.2847847222222222,3.5,4.5,2.0,42.0,25.0,0.3701411017759149,0.5762393216723828,0.0,0.0,False,False,False,False,True,False
0.20879552283653846,1.1666666666666667,16.0,2.0,0.0,20.0,0.30455118763186056,0.31717077300041285,0.060435741240683356,0.0,False,False,False,True,False,False
0.1211953903256705,4.5,4.0,1.0,29.0,25.0,0.36919410611806575,0.574238701985058,0.3080167449937519,0.0,False,False,False,False,False,False
0.07783074257673048,4.5,9.0,1.0,29.0,25.0,0.3707200705687304,0.3646887123261104,0.6353112876738897,0.0,False,False,False,False,False,False
0.5802436712140053,1.5,7.0,1.0,42.0,25.0,0.502379025519983,0.3637934564140331,0.636206543585967,0.0,False,False,True,False,False,False
0.6721639258935561,1.5,7.0,2.0,42.0,25.0,0.3983317310849293,0.8950902285186338,0.10490977148136627,0.0,True,False,True,False,False,False
0.3093212533177881,1.5,4.0,1.0,44.0,25.0,0.2554892915002139,0.9034744869040818,0.04904470570706156,0.0,True,False,True,False,False,False
0.3891664858217593,1.5,8.0,1.0,44.0,25.0,0.2663900655232959,0.5313362045007746,0.20271430194687404,0.0,True,False,True,False,False,False
0.31519235128052503,1.5,4.25,2.0,44.0,25.0,0.2918319609536879,0.7979364336173357,0.0,0.0,True,False,True,False,False,False
0.27046386048211385,1.5,8.75,2.0,44.0,25.0,0.33108922330375984,0.9788756075652274,0.0,0.0,True,False,True,False,False,False
0.5644524739583333,4.833333333333333,4.0,1.0,41.0,25.0,0.34494384243190224,0.6010018549332145,0.39899814506678555,0.0,True,False,True,False,False,False
0.9065623629385965,4.833333333333333,4.0,1.0,41.0,25.0,0.41695180589456954,0.7338032740897649,0.0,0.0,True,False,True,False,False,False
0.4437688492063492,1.1666666666666667,3.0,1.0,42.0,25.0,0.27190436758465786,1.0,0.0,0.0,True,False,False,False,True,False
0.4938018162393163,1.1666666666666667,6.0,1.0,41.0,25.0,0.2176769205911265,0.949005003220559,0.0,0.0,True,False,False,False,True,False
0.6285283099857522,1.1666666666666667,3.0,1.0,32.0,25.0,0.3393289001233875,0.38919413521293594,0.0,0.0,True,False,False,False,True,False
0.2795731858054227,1.1666666666666667,5.0,1.0,49.0,25.0,0.2663877901572796,0.2753921849012914,0.0,0.0,True,False,False,False,True,False
0.52265625,4.833333333333333,3.0,1.0,42.0,25.0,0.27146484860920134,0.9018513333614474,0.09814866663855266,0.0,True,False,True,False,False,False
0.3988699252136752,4.833333333333333,2.0,1.0,34.0,25.0,0.3501343473245964,0.878801485719739,0.12119851428026096,0.0,True,False,True,False,False,False
0.39668229166666663,1.1666666666666667,6.0,1.0,42.0,25.0,0.2471909484872722,1.0,0.0,0.0,True,False,True,False,False,False
0.38006279961649087,1.1666666666666667,7.0,1.0,42.0,25.0,0.25136172484777874,0.5264234197837009,0.2032912393079852,0.0,True,False,True,False,False,False
0.4849191001899335,1.1666666666666667,9.0,1.0,42.0,25.0,0.31017451366213333,0.19368098720488144,0.07619290164053989,0.0,True,False,True,False,False,False
0.32515771297970664,1.1666666666666667,8.0,2.0,42.0,25.0,0.3063719996773583,0.728153234916157,0.20240363250100876,0.0,True,False,True,False,False,False
0.25559395904991383,4.5,6.0,2.0,40.0,20.0,0.1921366803002842,0.9329862690112783,0.06701373098872171,0.0,False,False,False,True,False,False
0.08385416075815053,4.5,6.0,1.0,25.0,20.0,0.33952540306194257,0.34656663499315066,0.5947720026624155,0.0,False,False,False,True,False,False
0.09152501815671842,4.5,9.0,2.0,30.0,20.0,0.27703195437051986,0.05554864690105762,0.2934389188982598,0.0,False,False,False,True,False,False
0.3038779732380611,4.5,5.0,2.0,30.0,20.0,0.29186610684020686,0.4995512316535904,0.0,0.0,False,False,False,True,False,False
0.18515059403478373,4.5,5.0,1.0,66.0,20.0,0.3589470028728531,0.4997625978115485,0.058555832927912124,0.0,False,False,False,True,False,False
0.258906128631199,4.5,4.5,2.0,66.0,20.0,0.30490225687966904,0.558598792443024,0.0,0.0,False,False,False,True,False,False
0.11383442931016169,4.5,5.0,2.0,30.0,20.0,0.3818905914081884,0.5336420072555756,0.4077302117500629,0.0,False,False,False,True,False,False
0.08242915460707742,4.5,8.25,2.0,0.0,20.0,0.27482304691597326,0.19163000763935079,0.7500395870201543,0.0,False,False,False,True,False,False
0.1545538764934345,4.5,6.0,2.0,30.0,20.0,0.22626890705859376,0.058783502237039,0.5002833169066735,0.0,False,False,False,True,False,False
0.12233794912867628,4.5,7.5,2.0,30.0,20.0,0.3007605292301254,0.3577884380955003,0.4794497276541095,0.0,False,False,False,True,False,False
0.3777834821428572,3.5,5.5,2.0,42.0,20.0,0.25416080656789103,0.7272272902633101,0.0,0.0,False,False,False,True,False,False
0.6640989583333333,1.25,6.0,2.0,38.0,20.0,0.3818740477186198,1.0,0.0,0.0,False,False,False,True,False,False
0.2868758429820414,1.25,7.0,2.0,41.0,20.0,0.42802630571163186,0.32721233526141447,0.14449144586624882,0.0,False,False,False,True,False,False
0.06069574420677362,1.25,7.0,1.0,0.0,20.0,0.3778820939949056,0.1947546897254845,0.0,0.0,False,False,False,True,False,False
0.3295335202991453,3.5,4.0,1.0,24.0,25.0,0.41801502811111463,0.9513611378278274,0.0,0.0,True,False,False,False,True,False
0.5278627604166667,3.5,5.0,1.0,44.0,25.0,0.3255811174557822,0.999237738839083,0.0,0.0,True,False,False,False,True,False
0.4177590439276486,3.5,4.0,1.0,32.0,25.0,0.3370317063051121,0.5993560216068784,0.0,0.0,True,False,False,False,True,False
0.359913308183045,3.5,4.0,1.0,41.0,25.0,0.42913651461757935,0.780526847147681,0.0,0.0,True,False,False,False,True,False
0.3756300116550117,3.5,5.0,1.0,41.0,25.0,0.3259406363360357,1.0,0.0,0.0,True,False,False,False,True,False
0.5857567466596343,3.5,2.0,2.0,47.0,25.0,0.39243423877810707,0.8232494262881143,0.0,0.0,True,False,False,False,True,False
0.7178107239368604,4.833333333333333,2.0,1.0,0.0,20.0,0.4017923264758806,0.9986914501482294,0.001308549851770658,0.0,False,False,False,True,False,False
0.025806272822117893,4.833333333333333,2.0,1.0,0.0,20.0,0.3930425569003974,0.9363971131742855,0.06360288682571445,0.0,False,False,False,True,False,False
0.5174174107142857,1.25,7.5,2.0,0.0,20.0,0.6207253727004399,0.3716373069241822,0.20345538657318554,0.0,False,False,False,True,False,False
0.11561666666666667,1.25,5.0,1.0,38.0,25.0,0.2410956599900768,0.7188894728987335,0.0,0.04998900740118233,True,False,True,False,False,False
0.5093706140350878,4.833333333333333,8.0,1.0,0.0,20.0,0.20067665391296124,0.7581284225849872,0.0996684385495828,0.04261637383704606,True,False,False,True,False,False
0.510088548026048,4.833333333333333,3.0,1.0,0.0,20.0,0.4253631278551281,0.5399992873432292,0.2407236992126427,0.0,False,False,False,True,False,False
0.6353968046765119,3.5,4.0,2.0,42.0,25.0,0.3815118437007137,1.0,0.0,0.0,True,False,False,False,True,False
0.6815826539855072,3.5,4.0,1.0,42.0,25.0,0.357029952716258,1.0,0.0,0.0,True,False,False,False,True,False
0.494729959689572,3.5,4.5,2.0,42.0,25.0,0.40679692482445867,1.0,0.0,0.0,True,False,False,False,True,False
0.22970170454545455,3.5,11.0,1.0,42.0,25.0,0.36439735789890076,0.7344234788868421,0.0,0.0,True,False,False,False,True,False
0.31306739983250154,4.5,5.5,2.0,44.0,25.0,0.39636997709525124,0.6984485103452877,0.0,0.0,False,False,True,False,False,False
0.34013744335572627,4.5,4.0,2.0,44.0,25.0,0.36501422922720717,0.6312102789232898,0.0,0.0,False,False,True,False,False,False
0.18627002120175437,4.5,7.5,2.0,44.0,25.0,0.4014523080296117,0.4022668492289283,0.23276845461335252,0.0,False,False,True,False,False,False
0.22256717305442245,4.5,4.0,2.0,44.0,25.0,0.17536029970268605,0.2502399105149087,0.48786016589542586,0.0,False,False,True,False,False,False
0.10474320378572749,4.5,4.75,2.0,44.0,25.0,0.31623080960030775,0.11739300508738723,0.6913063055709209,0.0,False,False,True,False,False,False
0.21818398507637685,4.5,6.5,2.0,44.0,25.0,0.3630376323245641,0.38305032551965157,0.55844142334819,0.0,False,False,True,False,False,False
0.26442996743989106,4.5,3.75,2.0,44.0,25.0,0.3036645654666803,0.2799873452829762,0.3459444124156914,0.0,False,False,True,False,False,False
0.6420093201754385,4.833333333333333,2.0,1.0,25.0,25.0,0.18599510308164446,0.5089887280952775,0.39296476286759924,0.0,True,False,True,False,False,False
0.17911082248057103,4.5,5.5,2.0,41.0,25.0,0.31774198350900434,0.39596894634813995,0.13436900396439386,0.0,True,False,True,False,False,False
0.22661585317622096,4.5,8.0,1.0,40.0,25.0,0.2816169937490244,0.11396668704370447,0.6421627779890567,0.0,True,False,True,False,False,False
0.16621619466682974,4.5,5.5,2.0,30.0,20.0,0.43202138006267377,0.3717509299467691,0.5061229818641148,0.0,False,False,False,True,False,False
0.07329268110554535,4.5,6.25,2.0,30.0,20.0,0.30872622916395415,0.0,1.0,0.0,False,False,False,True,False,False
0.04644722165838826,4.5,8.0,2.0,30.0,20.0,0.32889557465384855,0.07250986304954438,0.7561453418495966,0.0,False,False,False,True,False,False
0.213341298073483,4.5,6.5,2.0,33.0,20.0,0.21576875920089822,0.37316214351712906,0.4554669974186205,0.0,False,False,False,True,False,False
0.19317081582537057,4.5,4.5,2.0,30.0,20.0,0.32339797579362567,0.4368802437132886,0.05229967546854189,0.0,False,False,False,True,False,False
0.2805287126068376,4.833333333333333,4.0,1.0,42.0,20.0,0.5180320727978888,0.7277876403336155,0.2722123596663845,0.0,False,False,False,True,False,False
0.532440350877193,4.833333333333333,5.0,1.0,42.0,20.0,0.4476642128718479,0.8317933185969825,0.1682066814030175,0.0,False,False,False,True,False,False
0.3724735754985755,3.5,6.0,1.0,42.0,25.0,0.41325521509959234,0.7658002624138267,0.23419973758617332,0.0,True,False,True,False,False,False
0.5343177083333333,3.5,4.0,1.0,42.0,25.0,0.4228622660963039,0.5349359730257732,0.2528255345459916,0.0,True,False,False,False,True,False
0.3735334592240045,1.5,4.0,2.0,40.0,25.0,0.24246684731910903,0.9773853587797039,0.0,0.0,True,False,False,False,True,False
0.12188635185611187,4.5,8.0,2.0,32.0,20.0,0.27856620637596236,0.3081372346130459,0.3829396522942546,0.0,False,False,False,True,False,False
0.15185447119421944,4.5,6.0,2.0,32.0,20.0,0.3347651904957563,0.38250756220689475,0.5215889616046419,0.0,False,False,False,True,False,False
0.08291895939730214,4.5,9.0,2.0,32.0,20.0,0.3640405072767178,0.05859576209148906,0.8827917298926501,0.0,False,False,False,True,False,False
0.2815026173169208,4.5,6.0,1.0,32.0,20.0,0.24121830885854484,0.0,0.7197462072293868,0.0,False,False,False,True,False,False
0.4661918119099491,1.0,3.0,1.0,0.0,20.0,0.14543549752380783,1.0,0.0,0.0,False,False,False,True,False,False
0.2590610119047619,1.1666666666666667,7.0,1.0,38.0,25.0,0.30961870389248586,0.6901327127641481,0.020065112829744408,0.0,False,False,True,False,False,False
0.04761362560572511,4.5,5.0,1.0,30.0,20.0,0.37989318310188547,0.7090677922995531,0.2909322077004469,0.0,False,False,False,True,False,False
0.05429494685105595,4.5,10.0,2.0,30.0,20.0,0.29724076668682586,0.3266279713931593,0.645692426902908,0.0,False,False,False,True,False,False
0.057350955612361774,4.5,7.5,2.0,28.0,20.0,0.3037993228472357,0.3477628776551645,0.6522371223448356,0.0,False,False,False,True,False,False
0.06682558676692771,4.5,8.0,2.0,28.0,20.0,0.28120148769433423,0.24508058087316845,0.7549194191268316,0.0,False,False,False,True,False,False
0.05227754911868854,4.5,10.0,1.0,28.0,20.0,0.30472440239669824,0.3997507436873254,0.19296927903785188,0.0,False,False,False,True,False,False
0.20765608465608465,4.5,7.0,1.0,28.0,20.0,0.3586480019141315,0.11739929105482715,0.17809805251958993,0.0,False,False,False,True,False,False
0.1314936301166615,4.5,2.75,2.0,27.0,20.0,0.25096503967299705,0.6748106810841694,0.0,0.0,False,False,False,True,False,False
0.14204141983747245,4.5,3.0,1.0,28.0,20.0,0.3044060080112501,0.7231061391790774,0.1739495447957194,0.0,False,False,False,True,False,False
0.30409291007072,4.5,10.0,1.0,28.0,20.0,0.2578876013195307,0.08470579232511273,0.15387204326241236,0.0,False,False,False,True,False,False
0.39458672480620155,4.833333333333333,3.0,1.0,0.0,20.0,0.4302765626636561,0.41171549130559454,0.14470512134247546,0.0,False,False,False,True,False,False
0.4309340277777778,3.5,4.0,1.0,30.0,25.0,0.41545219056481464,0.15467136029201675,0.04357469862877331,0.0,True,False,False,False,True,False
0.5021313244047618,3.5,4.0,1.0,46.0,25.0,0.416943442725383,0.8963097621857233,0.0,0.0,True,False,False,False,True,False
0.6829598290598291,3.5,5.0,1.0,46.0,25.0,0.45467147395543744,1.0,0.0,0.0,True,False,False,False,True,False
0.6417636801257491,3.5,3.0,1.0,46.0,25.0,0.4432434571705853,0.8109423229121137,0.0,0.0,True,False,False,False,True,False
0.4399652777777778,3.5,6.0,1.0,46.0,25.0,0.3149112190468616,0.8940082433402993,0.0,0.0,True,False,False,False,True,False
0.07284584928494564,4.5,8.0,1.0,30.0,20.0,0.3231405927733006,0.0,0.8083819462922179,0.0,False,False,False,True,False,False
0.12299725710552978,4.5,7.0,1.0,28.0,20.0,0.29561528189026715,0.036945070094173874,0.7519843393294428,0.0,False,False,False,True,False,False
0.37923799482681064,4.833333333333333,2.75,2.0,28.0,25.0,0.32841815554742676,0.8792773455411904,0.08377718625243592,0.03694546820637366,False,False,False,False,False,False
0.6350424919162356,3.5,6.5,2.0,33.0,25.0,0.2602102951917946,0.5784700496242516,0.0,0.0,True,False,True,False,False,False
0.6788897792022792,3.5,3.0,1.0,41.0,25.0,0.2904134107098068,0.500240511052083,0.0,0.0,False,False,False,False,True,False
0.30277897509578544,3.5,3.0,1.0,34.0,25.0,0.3454961279748993,0.754372131989274,0.0,0.0,True,False,False,False,True,False
0.5187871598378564,3.5,3.0,1.0,55.0,25.0,0.33086344223177144,1.0,0.0,0.0,True,False,False,False,True,False
0.36638194444444444,3.5,3.0,1.0,88.0,25.0,0.321119553315781,0.7978337960473093,0.0,0.0,True,False,False,False,True,False
0.28612188934847016,4.5,5.0,2.0,0.0,20.0,0.40506242164712086,0.4505240046921967,0.0,0.0,False,False,False,True,False,False
0.12181296267895343,4.5,6.75,2.0,0.0,20.0,0.2419659007028034,0.2563364965863104,0.3007353995990508,0.0,False,False,False,True,False,False
0.14742415011237914,4.5,5.0,2.0,0.0,20.0,0.3161193985699081,4.543188009490785e-05,0.8330928563517228,0.0,False,False,False,True,False,False
0.1363195135918267,4.5,9.0,2.0,0.0,20.0,0.2782767381026383,0.019902307262954756,0.42542197176587876,0.0,False,False,False,True,False,False
0.06819541074252047,4.5,11.25,2.0,0.0,20.0,0.33933775118931836,0.14533747874014866,0.7936949398384339,0.0,False,False,False,True,False,False
0.36508295687254455,1.0,4.5,2.0,0.0,20.0,0.22564935615698942,0.41261478809249713,0.0,0.006303565920594226,False,False,False,True,False,False
0.3246035795410795,1.0,7.0,1.0,0.0,20.0,0.35730985556307604,0.36617922846460266,0.1895140438437449,0.0,True,False,False,True,False,False
0.4062309906887947,1.0,5.5,2.0,42.0,20.0,0.32823719479291597,0.7377089123871986,0.07503573171892225,0.0,True,False,False,True,False,False
0.48760258588351785,1.0,7.0,2.0,42.0,20.0,0.35438634103248656,0.9001205338989972,0.0,0.0,True,False,False,True,False,False
0.38879799427742734,1.0,4.5,2.0,32.0,20.0,0.36308256601218525,0.8016810850243159,0.0,0.0,True,False,False,True,False,False
0.4803355763333419,1.0,10.0,2.0,44.0,20.0,0.2968756079859154,0.951454072051837,0.04854592794816299,0.0,True,False,False,True,False,False
0.4482129766673305,1.0,6.0,2.0,44.0,20.0,0.2959781133113936,0.7944510263521943,0.20554897364780567,0.0,True,False,False,True,False,False
0.1658731793092139,1.0,6.0,1.0,42.0,20.0,0.090785705838045,1.0,0.0,0.0,False,False,False,True,False,False
0.9855555555555555,1.5,3.0,1.0,25.0,25.0,0.40934049437178394,0.05588474687035781,0.8940363843834047,0.0,True,False,True,False,False,False
0.006819845993953136,2.0,9.0,2.0,25.0,25.0,0.4340933973798516,0.1391825845470047,0.8608174154529954,0.0,True,False,True,False,False,False
0.5449684017872382,1.5,7.0,1.0,42.0,25.0,0.3814978737014465,0.8468706384649177,0.10538529587947758,0.0,True,False,True,False,False,False
0.37169336669754993,1.5,3.0,1.0,44.0,25.0,0.3515892048062019,0.5698383400275334,0.0,0.0,True,False,True,False,False,False
0.5030506563399881,2.0,9.0,2.0,44.0,25.0,0.4084253663595214,0.48384419676964885,0.04724455960513556,0.0,True,False,True,False,False,False
0.3679192492547409,1.5,5.5,2.0,44.0,25.0,0.3817076870571607,0.6827406080559437,0.21950606420419086,0.0,True,False,True,False,False,False
0.36084440110146615,1.5,9.0,1.0,44.0,25.0,0.4065458182445182,0.8043595375818517,0.0,0.0,True,False,True,False,False,False
0.5466443076599327,1.0,5.0,1.0,42.0,25.0,0.22463975580129616,0.8271735466234638,0.08642661823377037,0.0,False,False,True,False,False,False
0.4496789703794085,1.0,5.0,2.0,42.0,25.0,0.361824510450731,0.2339331360107557,0.3830854482568034,0.0,False,False,True,False,False,False
0.39792013075842636,1.0,6.5,2.0,42.0,25.0,0.3953328936702787,0.8551148745459242,0.08293106386090993,0.0,False,False,True,False,False,False
0.6060516769583961,1.0,8.5,2.0,42.0,25.0,0.3939089615834412,0.952439488084217,0.0,0.0,False,False,True,False,False,False
0.5502679755576062,1.0,6.0,2.0,42.0,25.0,0.3257994542874958,0.8014002077001229,0.0,0.0,True,False,False,False,True,False
0.3889344851403823,1.0,9.0,1.0,42.0,25.0,0.37415585195598866,0.9513968172926603,0.048603182707339765,0.0,True,False,False,False,True,False
0.5020802684208179,1.0,8.0,2.0,42.0,25.0,0.3717930503333481,0.38252629596329696,0.617473704036703,0.0,True,False,False,False,True,False
0.41843662932587566,1.0,5.0,2.0,0.0,20.0,0.37907871428258216,0.7867649322430382,0.13691500258951064,0.0,False,False,False,True,False,False
0.6073330026455026,1.25,8.0,2.0,44.0,25.0,0.5253932770273451,0.5327368421702335,0.14086894639749567,0.0,False,False,True,False,False,False
0.5090386904761904,4.833333333333333,7.0,1.0,46.0,25.0,0.4055970105266475,0.6043268173832587,0.39567318261674145,0.0,False,False,True,False,False,False
0.8048167735042735,4.833333333333333,2.0,1.0,44.0,25.0,0.4437350322476607,0.8826478638470246,0.11735213615297527,0.0,False,False,True,False,False,False
0.674396875,4.833333333333333,5.0,2.0,46.0,25.0,0.4939607310172171,0.5581144520241829,0.38347952714561145,0.0,False,False,True,False,False,False
0.5663728105228105,4.833333333333333,7.5,2.0,46.0,25.0,0.3145152681810375,0.5002267048077609,0.11718257321729453,0.0,False,False,True,False,False,False
0.482619162502565,4.833333333333333,5.5,2.0,46.0,25.0,0.4668081053385856,0.6002066874104439,0.3467712670144111,0.0,False,False,True,False,False,False
0.45305833333333334,4.833333333333333,10.0,1.0,46.0,25.0,0.4605994006706796,0.4061450771963704,0.039277957106554365,0.12886422419379012,False,False,True,False,False,False
0.3428178494004405,4.833333333333333,6.0,3.0,46.0,25.0,0.43760145276181545,0.6644772487289884,0.1284153842458738,0.0,False,False,True,False,False,False
0.5251675347222222,4.833333333333333,3.5,2.0,46.0,25.0,0.5073698875214409,0.7098668556072006,0.29013314439279936,0.0,False,False,True,False,False,False
0.6993278266778771,1.5,11.0,2.0,46.0,25.0,0.2970447048518125,0.6815344019984394,0.09629773986799194,0.050708079389173245,False,False,True,False,False,False
0.7111106618888877,1.5,6.5,2.0,46.0,25.0,0.34655007480349376,0.41942305305507166,0.3880543686338686,0.0,False,False,True,False,False,False
0.5712445392091944,1.5,10.5,2.0,46.0,25.0,0.43991338885144393,0.7197837183243754,0.2261409847738069,0.0,True,False,True,False,False,False
0.2685738324919643,1.5,6.0,2.0,46.0,25.0,0.24321362474388553,0.4847621844248417,0.14664031306124833,0.0,True,False,True,False,False,False
0.40615394816435363,1.0,8.0,1.0,46.0,25.0,0.1827223476184039,0.811982660310411,0.08112892197723831,0.0,True,False,False,False,True,False
0.5120380517636137,1.0,8.0,2.0,46.0,25.0,0.4408003260181608,0.5578993311839491,0.383404736503033,0.0,True,False,False,False,True,False
0.4156006863792779,1.0,7.5,2.0,46.0,25.0,0.4344221300395285,0.36701078752121197,0.441215540862151,0.0,True,False,False,False,True,False
0.537386904391573,1.0,8.5,2.0,46.0,25.0,0.43382701950935,0.7493399507296835,0.15472519779179744,0.0,True,False,False,False,True,False
0.3938699872873,1.0,8.0,2.0,46.0,25.0,0.4112573415442993,0.9408790030162945,0.05907298074798909,0.0,True,False,False,False,True,False
0.456368373250297,1.0,5.0,2.0,46.0,25.0,0.3630695753763464,0.9004890836689572,0.049674223037770575,0.0,True,False,False,False,True,False
0.48662612025163343,1.0,9.0,2.0,46.0,25.0,0.2844404668293249,0.10526815653750528,0.3262944686948757,0.0,False,False,False,False,True,False
0.4452814876942258,1.0,12.0,2.0,46.0,25.0,0.263513017429995,0.34619021909840464,0.12034271179546797,0.0,False,False,False,False,True,False
0.6970279969722966,1.0,4.0,1.0,46.0,25.0,0.38250224941413546,0.8393544986219788,0.05585567430412862,0.0,False,False,False,False,True,False
0.7817291666666667,1.25,2.0,1.0,42.0,25.0,0.4544081002971961,0.6569039588903908,0.34309604110960923,0.0,False,False,True,False,False,False
0.7544479166666667,2.0,4.0,2.0,42.0,25.0,0.39072286354423225,0.5118491009435796,0.4158634848288792,0.0,False,False,True,False,False,False
0.26474305555555555,3.5,6.0,1.0,42.0,25.0,0.22948391947649885,0.5267793089743376,0.0,0.0,False,False,True,False,False,False
0.33328125,3.5,4.0,1.0,42.0,25.0,0.24794056325741948,0.5438942907515112,0.0,0.0,False,False,True,False,False,False
0.25711675347222224,1.1666666666666667,24.0,2.0,42.0,25.0,0.248064409624065,0.6495900827648428,0.039953478117994844,0.0,False,False,True,False,False,False
0.11816520467836256,4.5,3.0,1.0,42.0,25.0,0.15757941601926814,0.0,0.0,0.0,False,False,True,False,False,False
0.2618261818222037,4.5,3.0,1.0,30.0,20.0,0.25280828512986764,0.6260410925121764,0.0,0.0,False,False,False,True,False,False
0.6347719494047619,1.25,7.5,2.0,42.0,25.0,0.40510329424995467,0.34891805978701873,0.4100866008462127,0.0,False,False,False,False,True,False
0.6332152777777778,1.25,6.0,1.0,0.0,20.0,0.3144529992518421,0.7608032981126713,0.0,0.0,False,False,False,True,False,False
0.5738611111111112,1.25,6.0,1.0,48.0,25.0,0.37376474700930046,1.0,0.0,0.0,False,False,True,False,False,False
0.6519817708333333,1.25,7.0,2.0,48.0,25.0,0.3554055056284529,1.0,0.0,0.0,False,False,True,False,False,False
0.5729035714285715,1.25,9.5,2.0,48.0,20.0,0.3546667370430169,0.6913942072958345,0.0,0.3086057927041655,False,False,False,True,False,False
0.5100141369047619,1.25,5.5,2.0,42.0,20.0,0.3398600620125216,0.591829940858055,0.025165577885257806,0.0,True,False,False,True,False,False
0.44221180555555556,3.5,7.5,4.0,42.0,20.0,0.3490405016058227,0.6608331791684204,0.0,0.0,False,False,False,True,False,False
0.4407291666666666,1.25,4.0,1.0,53.0,25.0,0.22281955515872087,0.6492695342356252,0.0,0.0,True,False,True,False,False,False
0.19193055555555555,1.25,3.0,1.0,42.0,25.0,0.24490733127413425,0.5356470033402616,0.0,0.38899903955512327,True,False,True,False,False,False
0.5271815476190476,1.25,5.5,2.0,30.0,20.0,0.3785700059130938,0.8753631294623784,0.0,0.0,True,False,False,True,False,False
0.5195000000000001,3.5,3.0,2.0,0.0,20.0,0.29399696649632384,0.8012141902801422,0.0,0.0,True,False,False,True,False,False
0.4318888888888889,3.5,6.0,1.0,37.0,20.0,0.2128508484684561,0.9438834210201071,0.0,0.0,True,False,False,True,False,False
0.2563333333333333,1.25,7.0,1.0,42.0,20.0,0.29217181923253194,0.5511566960027383,0.18883547906626907,0.1937571188444712,False,False,False,True,False,False
0.15719185270336902,3.5,5.0,2.0,23.0,25.0,0.5086087178939982,0.29397536355836723,0.0,0.0,True,False,True,False,False,False
0.02073245635595436,4.5,8.0,1.0,0.0,30.0,0.04151601476085019,0.8438794207139187,0.15612057928608125,0.0,True,True,False,False,False,False
0.6685879934210526,2.0,4.0,9.0,0.0,0.0,0.3441207651678821,0.7202252199733161,0.11389544272691388,0.006294253745737634,True,False,False,False,False,True
0.5998112980769231,2.0,8.0,9.0,0.0,0.0,0.3441207651678821,0.7202252199733161,0.11389544272691388,0.006294253745737634,True,False,False,False,False,True
0.5510976080246913,2.0,8.0,9.0,0.0,0.0,0.3441207651678821,0.7202252199733161,0.11389544272691388,0.006294253745737634,True,False,False,False,False,True
0.33537162738901716,2.0,12.0,9.0,0.0,0.0,0.3441207651678821,0.7202252199733161,0.11389544272691388,0.006294253745737634,True,False,False,False,False,True
0.4485676449459094,2.0,8.0,9.0,0.0,0.0,0.3441207651678821,0.7202252199733161,0.11389544272691388,0.006294253745737634,True,False,False,False,False,True
0.4115641571969697,2.0,10.0,9.0,0.0,0.0,0.3441207651678821,0.7202252199733161,0.11389544272691388,0.006294253745737634,True,False,False,False,False,True
0.43234579428007114,2.0,4.0,9.0,0.0,0.0,0.3441207651678821,0.7202252199733161,0.11389544272691388,0.006294253745737634,True,False,False,False,False,True
0.1838867600422833,2.0,2.0,9.0,0.0,0.0,0.3441207651678821,0.7202252199733161,0.11389544272691388,0.006294253745737634,True,False,False,False,False,True
0.6106052415087899,2.0,5.0,9.0,0.0,0.0,0.3441207651678821,0.7202252199733161,0.11389544272691388,0.006294253745737634,True,False,False,False,False,True
0.4851032267895866,2.0,5.0,9.0,0.0,0.0,0.3441207651678821,0.7202252199733161,0.11389544272691388,0.006294253745737634,True,False,False,False,False,True
0.4695058333333333,2.0,5.0,9.0,0.0,0.0,0.3441207651678821,0.7202252199733161,0.11389544272691388,0.006294253745737634,True,False,False,False,False,True
0.7468848836898186,2.074074074074074,12.0,9.0,0.0,0.0,0.3307687120314305,0.7204256907446245,0.11332187058865315,0.04920769852918125,True,False,False,False,False,True
0.38563769818694,2.074074074074074,4.0,9.0,0.0,0.0,0.3307687120314305,0.7204256907446245,0.11332187058865315,0.04920769852918125,True,False,False,False,False,True
0.3323139071593236,2.074074074074074,5.0,9.0,0.0,0.0,0.3307687120314305,0.7204256907446245,0.11332187058865315,0.04920769852918125,True,False,False,False,False,True
0.3658088336320191,2.074074074074074,8.0,9.0,0.0,0.0,0.3307687120314305,0.7204256907446245,0.11332187058865315,0.04920769852918125,True,False,False,False,False,True
0.39882744403472,2.074074074074074,8.0,9.0,0.0,0.0,0.3307687120314305,0.7204256907446245,0.11332187058865315,0.04920769852918125,True,False,False,False,False,True
0.17149208752857836,2.074074074074074,9.5,9.0,0.0,0.0,0.3307687120314305,0.7204256907446245,0.11332187058865315,0.04920769852918125,True,False,False,False,False,True
0.6578208874458874,2.074074074074074,2.0,9.0,0.0,0.0,0.3307687120314305,0.7204256907446245,0.11332187058865315,0.04920769852918125,True,False,False,False,False,True
0.40588476874003193,2.074074074074074,2.0,9.0,0.0,0.0,0.3307687120314305,0.7204256907446245,0.11332187058865315,0.04920769852918125,True,False,False,False,False,True
